word,added,learned
alumni,2025-02-25,
anxious,2025-02-25,
ceiling,2025-02-25,
comprehensive,2025-02-25,
curriculum,2025-02-25,
expedite,2025-02-25,
fuel,2025-02-25,
gesture,2025-02-25,
grind,2025-02-25,
intrestingly,2025-02-25,
length,2025-02-25,
nausea,2025-02-25,
neuroplasticity,2025-02-25,
resource,2025-02-25,
satiated,2025-02-25,
tackle,2025-02-25,
tetanus,2025-02-25,
uncertainty,2025-02-25,
wound,2025-02-25,
abundant,2025-01-25,
awareness,2025-01-25,
career,2025-01-25,
circumstances,2025-01-25,
dictaphone,2025-01-25,
either,2025-01-25,
figures,2025-01-25,
gigantic,2025-01-25,
natural,2025-01-25,
necessity,2025-01-25,
neither,2025-01-25,
precious,2025-01-25,
rough,2025-01-25,
series,2025-01-25,
simultaneously,2025-01-25,
spontaneous,2025-01-25,
tough,2025-01-25,
tremendously,2025-01-25,
truth,2025-01-25,
valuable,2025-01-25,
whole,2025-01-25,
youth,2025-01-25,
idiom,2025-01-25,2025-02-28
regularly,2025-01-25,2025-01-28
